Workbook

Sheet Ringkasan
A1: umrohlovers.id — Perhitungan Kapasitas & Anggaran Infrastruktur (Staging + Production)
A2: Pendamping dokumen: kapasitas-sistem-staging-production.md · ringkasan-pengajuan.md — 7 Juli 2026 · Aditira Jamhuri (CTO)
A4: Fase | B4: Periode | C4: Server (Rp/bln) | D4: Software (Rp/bln) | E4: TOTAL (Rp/bln)
A5: Pilot (≤ 2.000 akun) | B5: Agu–Okt 2026 | C5: =Server!E12 | D5: =Software!C13 | E5: =C5+D5
A6: Launch Y1 (≤ 50 rb akun) | B6: Nov 2026–2027 | C6: =Server!E13 | D6: =Software!D13 | E6: =C6+D6
A7: Scale Y3 (≤ 150 rb akun) | B7: 2028 | C7: =Server!E14 | D7: =Software!E13 | E7: =C7+D7
A9: Anggaran 12 bulan pertama (Agu 2026 – Jul 2027)
A10: Total proyeksi realisasi (termasuk buffer 10%) | C10: =Anggaran12Bln!C10
A11: PLAFON diajukan untuk persetujuan | C11: =Anggaran12Bln!C11
A12: Rasio total proyeksi terhadap alokasi infrastruktur PRD §14.3 tahun 2027 | C12: =Anggaran12Bln!C18
A14: Cara pakai: seluruh sel KUNING di sheet Asumsi adalah input — ubah nilainya (kurs, %DAU, harga, volume anchor) dan seluruh workbook menghitung ulang.
A15: Buka di Microsoft Excel / LibreOffice / Google Sheets agar formula terevaluasi. Metodologi & justifikasi lengkap: kapasitas-sistem-staging-production.md.

Sheet Asumsi
A1: Asumsi & Parameter — sel KUNING adalah input; ubah nilainya, seluruh workbook menghitung ulang
A3: Kode | B3: Parameter | C3: Nilai | D3: Satuan | E3: Catatan / Sensitivitas
A4: KURS | B4: Kurs USD → IDR | C4: 16000 | D4: Rp/USD | E4: Fluktuasi ditampung buffer 10%
A5: A1 | B5: DAU sebagai % akun terdaftar | C5: 0.1 | D5: % | E5: ×2 → tetap < 30% utilisasi Tier 1 (dokumen §7.1)
A6: A2 | B6: Concurrent peak sebagai % DAU | C6: 0.1 | D6: % | E6: jam sibuk malam/akhir pekan
A7: A3 | B7: RPS per user aktif | C7: 0.1 | D7: RPS | E7: ≈ 6 request/menit saat aktif
A8: A4 | B8: Faktor lonjakan trafik | C8: 10 | D8: × | E8: broadcast WA/radio, campaign; Munas 20× dianalisis dokumen §7.1
A9: A5 | B9: CDN offload halaman publik | C9: 0.7 | D9: % | E9: konservatif; realita biasanya > 85% untuk katalog
A10: KYC1 | B10: Dokumen KYC per akun (4 dok × 1,5 MB) | C10: 6 | D10: MB | E10: KTP, KK, paspor, selfie — terenkripsi
A11: EVI | B11: Ukuran e-Visa PDF per jamaah berangkat | C11: 0.5 | D11: MB | E11: unduhan digerbang pelunasan
A12: R2P | B12: Harga R2 per GB per bulan | C12: 0.015 | D12: USD | E12: egress gratis
A13: BUF | B13: Buffer anggaran | C13: 0.1 | D13: % | E13: baris tersendiri di Anggaran12Bln
A14: MAP1 | B14: Sesi per DAU per bulan | C14: 30 | D14: sesi
A15: MAP2 | B15: % sesi membuka peta | C15: 0.2 | D15: % | E15: dokumen A9: 15–25%
A16: MAP3 | B16: Harga Mapbox per 1.000 loads di atas free tier | C16: 5 | D16: USD
A17: MAP4 | B17: Free tier Mapbox | C17: 50000 | D17: loads/bln | E17: web GL loads
A18: MAP5 | B18: Faktor mitigasi peta (thumbnail statis + lazy-load) | C18: 1 | D18: × | E18: 1 = belum diterapkan; penerapan menurunkan ke ±0,4
A19: EML1 | B19: Email per akun aktif per bulan | C19: 3 | D19: email | E19: dokumen A10: 2–6; ≥4 menembus tier Scale lebih cepat
A20: EML2 | B20: Akun aktif = DAU × | C20: 3 | D20: × | E20: proxy MAU
A21: BKP | B21: Faktor backup (× ukuran DB, retensi 30 hari) | C21: 2 | D21: × | E21: WAL 15 menit + basebackup harian
A23: Anchor volume (PRD §13–14) | C23: Pilot Agu–Okt 2026 | D23: Launch Y1 Nov 2026–2027 | E23: Scale Y3 2028
A24: AKUN | B24: Akun terdaftar | C24: 2000 | D24: 50000 | E24: 150000
A25: BRKT | B25: Jamaah berangkat (kumulatif, basis e-Visa) | C25: 500 | D25: 12000 | E25: 50000
A26: MED | B26: Media platform: cover paket, foto item mitra, avatar (GB) | C26: 2 | D26: 30 | E26: 100
A27: DB | B27: Proyeksi ukuran database (GB) | C27: 1 | D27: 10 | E27: 60

Sheet Beban
A1: Model Beban — formula eksplisit dari anchor PRD §13–14 (dokumen §3)
A3: Metrik | B3: Formula | C3: Pilot Agu–Okt 2026 | D3: Launch Y1 2027 | E3: Scale Y3 2028
A4: Akun terdaftar | B4: anchor PRD (sheet Asumsi) | C4: =Asumsi!C24 | D4: =Asumsi!D24 | E4: =Asumsi!E24
A5: DAU | B5: akun × A1 | C5: =C4*Asumsi!$C$5 | D5: =D4*Asumsi!$C$5 | E5: =E4*Asumsi!$C$5
A6: Concurrent peak | B6: DAU × A2 | C6: =C5*Asumsi!$C$6 | D6: =D5*Asumsi!$C$6 | E6: =E5*Asumsi!$C$6
A7: RPS nominal | B7: concurrent × A3 | C7: =C6*Asumsi!$C$7 | D7: =D6*Asumsi!$C$7 | E7: =E6*Asumsi!$C$7
A8: RPS target sizing | B8: nominal × A4 (lonjakan) | C8: =C7*Asumsi!$C$8 | D8: =D7*Asumsi!$C$8 | E8: =E7*Asumsi!$C$8
A10: Kapasitas komponen (acuan praktik industri — konservatif; dokumen §3.3)
A11: Komponen | B11: Kapasitas aman per unit | C11: Catatan
A12: Go/Echo BE | B12: ≥ 2.000 RPS/core | C12: praktis bukan bottleneck sampai Y3
A13: Next.js SSR | B13: 50–150 RPS/core | C13: dimitigasi CDN offload (A5)
A14: PostgreSQL 16 | B14: 500–1.000 tx tulis/s | C14: pool koneksi + IOPS NVMe; read diserap Redis
A15: Redis 7 | B15: 50.000+ ops/s | C15: bukan bottleneck di skala manapun
A17: Tervalidasi uji nyata: k6 1.000 virtual users LULUS pada mesin uji 2 vCPU — bottleneck teridentifikasi: pool koneksi DB (25) → tuning pertama, bukan beli server besar.
A18: Kesimpulan: throughput bukan pendorong biaya — pendorongnya availability + keamanan data dana jamaah (isolasi, backup, enkripsi).

Sheet StorageR2
A1: Storage Cloudflare R2 — dokumen KYC, e-Visa, media, backup DB (dokumen §4.1); egress GRATIS
A3: Item | B3: Formula | C3: Pilot (GB) | D3: Y1 (GB) | E3: Y3 (GB)
A4: Dokumen KYC | B4: AKUN × KYC1 ÷ 1024 | C4: =Asumsi!C24*Asumsi!$C$10/1024 | D4: =Asumsi!D24*Asumsi!$C$10/1024 | E4: =Asumsi!E24*Asumsi!$C$10/1024
A5: Media platform (anchor) | B5: cover paket, foto item, avatar | C5: =Asumsi!C26 | D5: =Asumsi!D26 | E5: =Asumsi!E26
A6: e-Visa PDF | B6: BRKT × EVI ÷ 1024 | C6: =Asumsi!C25*Asumsi!$C$11/1024 | D6: =Asumsi!D25*Asumsi!$C$11/1024 | E6: =Asumsi!E25*Asumsi!$C$11/1024
A7: Backup DB (retensi 30 hari) | B7: DB × BKP | C7: =Asumsi!C27*Asumsi!$C$21 | D7: =Asumsi!D27*Asumsi!$C$21 | E7: =Asumsi!E27*Asumsi!$C$21
A8: TOTAL STORAGE (GB) | B8: jumlah baris 4–7 | C8: =SUM(C4:C7) | D8: =SUM(D4:D7) | E8: =SUM(E4:E7)
A10: Biaya R2 (USD/bln) | B10: total × R2P | C10: =C8*Asumsi!$C$12 | D10: =D8*Asumsi!$C$12 | E10: =E8*Asumsi!$C$12
A11: Biaya R2 (Rp/bln) | B11: × KURS | C11: =C10*Asumsi!$C$4 | D11: =D10*Asumsi!$C$4 | E11: =E10*Asumsi!$C$4
A13: Catatan: R2 sekaligus tujuan backup database (WAL + basebackup) — off-site & tergeoreplikasi bawaan; server fisik khusus backup tidak diperlukan (dokumen §4.1, §5.2).

Sheet Software
A1: Inventaris Langganan Software — LENGKAP, termasuk yang Rp 0 (dokumen §8.1); titik tengah realistis per bulan
A3: Layanan | B3: Basis perhitungan | C3: Pilot (Rp/bln) | D3: Y1 (Rp/bln) | E3: Y3 (Rp/bln) | F3: Catatan
A4: Cloudflare (plan) | B4: Free → Pro $20/bln mulai Y1 | C4: 0 | D4: =20*Asumsi!$C$4 | E4: =20*Asumsi!$C$4 | F4: Y3 bisa naik Business bila perlu
A5: Cloudflare R2 | B5: sheet StorageR2 (KYC + e-Visa + media + backup) | C5: =StorageR2!C11 | D5: =StorageR2!D11 | E5: =StorageR2!E11 | F5: egress gratis
A6: Mapbox | B6: MAX(0; loads efektif − free tier) / 1000 × MAP3 × KURS | C6: =MAX(0,C16-Asumsi!$C$17)/1000*Asumsi!$C$16*Asumsi!$C$4 | D6: =MAX(0,D16-Asumsi!$C$17)/1000*Asumsi!$C$16*Asumsi!$C$4 | E6: =MAX(0,E16-Asumsi!$C$17)/1000*Asumsi!$C$16*Asumsi!$C$4 | F6: loads efektif di baris 16 (termasuk faktor mitigasi MAP5)
A7: Email transaksional (Resend → SES) | B7: tier dari volume email di baris 17 | C7: =IF(C17<=3000,0,IF(C17<=50000,20*Asumsi!$C$4,IF(C17<=100000,90*Asumsi!$C$4,C17/1000*0.1*Asumsi!$C$4))) | D7: =IF(D17<=3000,0,IF(D17<=50000,20*Asumsi!$C$4,IF(D17<=100000,90*Asumsi!$C$4,D17/1000*0.1*Asumsi!$C$4))) | E7: =IF(E17<=3000,0,IF(E17<=50000,20*Asumsi!$C$4,IF(E17<=100000,90*Asumsi!$C$4,E17/1000*0.1*Asumsi!$C$4))) | F7: Free 3rb → Pro $20 → Scale $90 → SES $0,10/1.000
A8: Sentry (error monitoring) | B8: Free → Team ~$26 (Y1) → Business ~$80 (Y3) | C8: 0 | D8: =26*Asumsi!$C$4 | E8: =80*Asumsi!$C$4
A9: Uptime monitor (+ APM di Y3) | B9: Free → ~$25 | C9: 0 | D9: 0 | E9: =25*Asumsi!$C$4 | F9: UptimeRobot free → Better Stack
A10: Domain umrohlovers.id | B10: ~Rp 500 rb/tahun ÷ 12 | C10: =500000/12 | D10: =500000/12 | E10: =500000/12
A11: Container registry | B11: GHCR gratis | C11: 0 | D11: 0 | E11: 0 | F11: Docker Hub Pro ~$11 bila diperlukan
A12: Jenkins · GitHub · Google OAuth · data BPS · gopdf · Mapbox GL OSS stack · PostgreSQL · Redis | B12: self-host / free plan / open-source | C12: 0 | D12: 0 | E12: 0 | F12: tercantum agar terlihat tidak ada yang terlewat
A13: SUBTOTAL SOFTWARE | B13: jumlah baris 4–12 | C13: =SUM(C4:C12) | D13: =SUM(D4:D12) | E13: =SUM(E4:E12)
A15: Metrik volume (dasar formula di atas) | C15: Pilot | D15: Y1 | E15: Y3
A16: Mapbox loads efektif / bln | B16: DAU × MAP1 × MAP2 × MAP5 | C16: =Beban!C5*Asumsi!$C$14*Asumsi!$C$15*Asumsi!$C$18 | D16: =Beban!D5*Asumsi!$C$14*Asumsi!$C$15*Asumsi!$C$18 | E16: =Beban!E5*Asumsi!$C$14*Asumsi!$C$15*Asumsi!$C$18 | F16: free tier 50 rb loads (MAP4)
A17: Volume email / bln | B17: DAU × EML2 × EML1 | C17: =Beban!C5*Asumsi!$C$20*Asumsi!$C$19 | D17: =Beban!D5*Asumsi!$C$20*Asumsi!$C$19 | E17: =Beban!E5*Asumsi!$C$20*Asumsi!$C$19 | F17: > 100 rb/bln → migrasi SES memangkas ~80% (dokumen A10)

Sheet Server
A1: Spesifikasi & Harga Server per Tier (dokumen §5) — rentang = harga pasar 4 provider (sheet Pembanding)
A3: Komponen | B3: Spesifikasi | C3: Min (Rp/bln) | D3: Max (Rp/bln) | E3: Titik tengah (Rp/bln)
A4: VPS Staging dedicated (semua fase) | B4: 2 vCPU / 4 GB / 80 GB NVMe — stack lengkap + Jenkins CI/CD; review internal & UAT | C4: 150000 | D4: 350000 | E4: =AVERAGE(C4:D4)
A5: Production Tier 1 — Pilot | B5: 4 vCPU / 8 GB / 160 GB NVMe, DC Indonesia (UU PDP data residency) | C5: 400000 | D5: 800000 | E5: =AVERAGE(C5:D5)
A6: Production Tier 2 — Launch Y1 | B6: App node 8 vCPU/16 GB + DB node terpisah 4 vCPU/8 GB NVMe + PgBouncer | C6: 1300000 | D6: 2600000 | E6: =AVERAGE(C6:D6)
A7: Production Tier 3 — Scale Y3 | B7: 2× app + LB + managed Postgres HA + read replica + Redis dedicated | C7: 5000000 | D7: 10000000 | E7: =AVERAGE(C7:D7)
A8: VPS Staging — upgrade Y3 (opsional) | B8: 4 vCPU / 8 GB bila antrean build memicu trigger | C8: 250000 | D8: 500000 | E8: =AVERAGE(C8:D8)
A10: Total server per fase (titik tengah)
A11: Fase | B11: Komposisi | E11: Rp/bln
A12: Pilot Agu–Okt 2026 | B12: Staging + Production Tier 1 | E12: =E4+E5
A13: Launch Y1 2027 | B13: Staging + Production Tier 2 | E13: =E4+E6
A14: Scale Y3 2028 | B14: Staging (upgrade) + Production Tier 3 | E14: =E8+E7
A16: Prinsip (dokumen §5–§6): upgrade antar tier dipicu METRIK (CPU >60% sustained, p95 >400 ms, pool DB >70%), bukan kalender; DB pisah node di Tier 2; HA + replica di Tier 3; backup = R2 off-site (bukan server fisik).

Sheet Anggaran12Bln
A1: Anggaran 12 Bulan Pertama — Agustus 2026 s.d. Juli 2027 (dokumen §8.3)
A3: Pos | B3: Perhitungan | C3: Jumlah (Rp)
A4: Staging dedicated, 12 bulan | B4: 12 × titik tengah staging | C4: =12*Server!E4
A5: Production Pilot + software, 3 bulan (Agu–Okt 2026) | B5: 3 × (Prod Tier 1 + subtotal software Pilot) | C5: =3*(Server!E5+Software!C13)
A6: Production Launch Y1 + software, 9 bulan (Nov 2026–Jul 2027) | B6: 9 × (Prod Tier 2 + subtotal software Y1) | C6: =9*(Server!E6+Software!D13)
A7: One-time: hardening, uji restore, k6 gate go-live | B7: jam kerja internal, tanpa lisensi | C7: 0
A8: Subtotal | B8: jumlah pos di atas | C8: =SUM(C4:C7)
A9: Buffer (BUF) | B9: subtotal × buffer (Asumsi BUF) | C9: =C8*Asumsi!$C$13
A10: TOTAL PROYEKSI 12 BULAN | B10: subtotal + buffer | C10: =C8+C9
A11: PLAFON DIAJUKAN | B11: pembulatan ke atas untuk persetujuan | C11: 45000000
A12: Ruang tersisa terhadap plafon | B12: plafon − total proyeksi | C12: =C11-C10
A14: Uji kewajaran terhadap alokasi PRD §14.3
A15: Alokasi infrastruktur PRD 2026 (parsial) | B15: Rp 50 juta | C15: 50000000
A16: Alokasi infrastruktur PRD 2027 | B16: Rp 300 juta | C16: 300000000
A17: Rasio total proyeksi vs alokasi 2026 | B17: total ÷ alokasi 2026 | C17: =C10/C15
A18: Rasio total proyeksi vs alokasi 2027 | B18: total ÷ alokasi 2027 | C18: =C10/C16
A20: Mekanisme pengendalian: bila realisasi mendekati plafon, pengeluaran berikutnya kembali dimintakan persetujuan — anggaran tidak dapat terlampaui tanpa sepengetahuan stakeholder.

Sheet Pembanding
A1: Pembanding Harga Pasar — transparansi harga (dokumen §5.5); harga publik per Juli 2026, WAJIB verifikasi ulang saat pengadaan
A3: Provider | B3: Staging 2 vCPU/4 GB (Rp/bln) | C3: Production 4 vCPU/8 GB (Rp/bln) | D3: Catatan
A4: IDCloudHost (Indonesia) | B4: ≈ 175–300 rb | C4: ≈ 400–600 rb | D4: ekstrapolasi harga publik 2 vCPU/2 GB Rp 87–149 rb; lokasi Indonesia ✓
A5: Biznet Gio (Indonesia) | B5: ≈ 200–300 rb | C5: ≈ 400–600 rb | D5: lokasi Indonesia ✓
A6: DigitalOcean (Singapura) | B6: $24–32 (≈ Rp 390–520 rb) | C6: $48–63 (≈ Rp 780 rb–1 jt) | D6: tooling bagus; data PII keluar RI → hanya cadangan
A7: Vultr (Singapura) | B7: $20–24 (≈ Rp 330–390 rb) | C7: $40–48 (≈ Rp 650–780 rb) | D7: idem
A9: Rentang proposal (staging Rp 150–350 rb · production Rp 400–800 rb) = harga pasar apa adanya, tanpa margin. Preferensi provider Indonesia: data residency UU PDP + latency.
A11: Sumber harga publik:
A12: IDCloudHost | B12: https://idcloudhost.com/pricing/
A13: DigitalOcean Droplets | B13: https://www.digitalocean.com/pricing/droplets
A14: Mapbox | B14: https://www.mapbox.com/pricing
A15: Resend | B15: https://resend.com/pricing
A16: Cloudflare R2 & Pro, Sentry, Docker Hub | B16: halaman pricing publik masing-masing
